{"cameraMode":{"drawMode":0,"name":"Shaded","section":"Shading Mode"},"sceneLighting":true,"audioPlay":false,"sceneViewState":{"m_AlwaysRefresh":false,"showFog":true,"showSkybox":true,"showFlares":true,"showImageEffects":true,"showParticleSystems":true,"showVisualEffectGraphs":true,"m_FxEnabled":true},"in2DMode":false,"pivot":{"x":0.3645959496498108,"y":0.8959916234016419,"z":-0.24583536386489869},"rotation":{"x":-0.187942773103714,"y":-0.049482088536024097,"z":0.009477146901190281,"w":-0.9808915257453919},"size":0.7071067690849304,"orthographic":false}